Id,Total Points
1216492_AS Yadav,68.29173333333334
1216492_AT Rayudu,32.721
1216492_DL Chahar,57.18
1216492_F du Plessis,23.176166666666663
1216492_HH Pandya,36.326933333333336
1216492_JJ Bumrah,32.28341666666667
1216492_JL Pattinson,31.399000000000004
1216492_KA Pollard,32.41316666666666
1216492_KH Pandya,41.83892683982683
1216492_L Ngidi,18.30130952380952
1216492_M Vijay,15.801333333333332
1216492_MK Pandey,27.467333333333332
1216492_MS Dhoni,29.3645
1216492_PP Chawla,14.142750000000001
1216492_Q de Kock,26.059738095238092
1216492_RA Jadeja,34.88704603174603
1216492_RD Chahar,44.68283333333333
1216492_RG Sharma,46.220183333333324
1216492_S Curran,49.03504761904762
1216492_SR Watson,39.398283333333346
1216492_SS Tiwary,32.41466666666666
1216492_TA Boult,33.71108888888889
1216493_AR Patel,39.92461666666666
1216493_Ankit Sharma,24.61596666666667
1216493_Anrich Nortje,25.187773809523808
1216493_CJ Jordan,24.488866666666667
1216493_Cottrell,18.2365
1216493_GJ Maxwell,22.018833333333333
1216493_K Gowtham,34.40888333333332
1216493_K Rabada,42.372869047619055
1216493_KK Nair,27.997799999999998
1216493_KL Rahul,21.81083333333333
1216493_MA Agarwal,22.560919047619045
1216493_MP Stoinis,19.408716666666667
1216493_Mohammed Shami,30.440083333333337
1216493_N Pooran,32.85385
1216493_P Shaw,19.54303095238095
1216493_R Ashwin,21.580849999999998
1216493_RR Pant,42.10361666666667
1216493_Ravi Bishnoi,55.08043333333334
1216493_S Dhawan,38.5777380952381
1216493_S Hetmyer,43.13066666666666
1216493_SN Khan,53.89930714285715
1216493_SS Iyer,45.251554761904764
1216493_nan,20.264526190476193
1216494_AJ Finch,19.32505
1216494_CH Morris,39.66256190476189
1216494_CV Varun,45.06277142857142
1216494_D Padikkal,45.50498333333335
1216494_EJG Morgan,25.960449999999998
1216494_Gurkeerat Singh,22.884019047619045
1216494_I Udana,40.29704920634922
1216494_KD Karthik,34.72178690476191
1216494_Kuldeep Yadav,42.51326666666666
1216494_L Ferguson,43.59006190476191
1216494_Mohammed Siraj,9.240450000000001
1216494_N Rana,27.170249999999996
1216494_N Saini,13.168916666666668
1216494_PJ Cummins,22.81566428571428
1216494_Prasidh Krishna,16.795257142857142
1216494_RA Tripathi,19.32761666666667
1216494_Shubman Gill,30.54147380952381
1216494_T Banton,42.95058333333333
1216494_V Kohli,10.89677380952381
1216494_Washington Sundar,17.38377380952381
1216494_YS Chahal,22.714164285714283
1216495_DA Warner,37.09273293650795
1216495_DS Kulkarni,37.13023571428572
1216495_HH Pandya,26.09766666666667
1216495_Ishan Kishan,12.073828571428573
1216495_JL Pattinson,45.73988571428573
1216495_JO Holder,48.92776904761905
1216495_KA Pollard,34.06845317460318
1216495_NM Coulter-Nile,33.5065
1216495_Q de Kock,29.00921666666666
1216495_RD Chahar,44.191333333333326
1216495_RG Sharma,35.31761623376624
1216495_Rashid Khan,28.76864722222221
1216495_S Nadeem,14.4792
1216495_SA Yadav,15.0285
1216495_SS Tiwary,35.75853571428571
1216495_Sandeep Sharma,35.46118333333333
1216495_T Natarajan,32.74735873015874
1216495_WP Saha,18.64629047619048
1216496_DL Chahar,35.82665476190476
1216496_F du Plessis,17.5955
1216496_J Archer,35.24245
1216496_JD Unadkat,28.499497619047617
1216496_KM Jadhav,48.63970952380953
1216496_L Ngidi,18.9077
1216496_M Vijay,13.084583333333333
1216496_MS Dhoni,43.509504761904765
1216496_PP Chawla,22.2985
1216496_R Parag,34.0605
1216496_R Tewatia,56.33498333333333
1216496_RA Jadeja,39.20710555555556
1216496_RV Uthappa,46.95227063492063
1216496_S Curran,33.34580476190476
1216496_S Gopal,20.431023809523808
1216496_SPD Smith,25.428
1216496_SR Watson,33.654
1216496_SV Samson,39.114499999999985
1216496_T Curran,34.461
1216496_YBK Jaiswal,35.95547777777778
1216497_AM Rahane,10.95925
1216497_Anrich Nortje,23.301000000000002
1216497_CV Varun,60.71493333333333
1216497_Carey,36.16501666666666
1216497_Deshpande,36.62758333333333
1216497_EJG Morgan,29.8682
1216497_HV Patel,17.759116666666664
1216497_K Rabada,41.82575
1216497_KD Karthik,43.96304920634921
1216497_KL Nagarkoti,18.166583333333335
1216497_L Ferguson,13.743035714285714
1216497_MP Stoinis,23.41885238095238
1216497_N Rana,32.760266666666666
1216497_PJ Cummins,29.34793333333333
1216497_Prasidh Krishna,24.2194880952381
1216497_R Ashwin,27.927623809523816
1216497_RA Tripathi,22.43779761904762
1216497_RR Pant,21.48548214285714
1216497_S Dhawan,21.311980952380953
1216497_S Hetmyer,32.414433333333335
1216497_SP Narine,22.83036666666667
1216497_SS Iyer,29.545486507936506
1216497_Shubman Gill,23.791666666666668
1216498_Abdul Samad,53.5185
1216498_Arshdeep Singh,31.555249999999997
1216498_CH Gayle,27.566883333333337
1216498_CJ Jordan,57.9482
1216498_DA Warner,29.80475
1216498_DJ Hooda,36.20765
1216498_GJ Maxwell,24.579583333333336
1216498_J Bairstow,15.518666666666666
1216498_JO Holder,28.443464285714285
1216498_K Ahmed,29.254999999999995
1216498_KL Rahul,23.08624047619047
1216498_M Ashwin,24.6008
1216498_MK Pandey,44.63608333333333
1216498_Mandeep Singh,63.44965
1216498_Mohammed Shami,55.61120000000001
1216498_N Pooran,30.0487
1216498_Priyam Garg,21.948499999999996
1216498_Rashid Khan,30.16755
1216498_Ravi Bishnoi,32.60998333333334
1216498_Sandeep Sharma,33.71147896825395
1216498_T Natarajan,40.8299
1216498_V Shankar,12.1912
1216499_AB de Villiers,21.806399999999996
1216499_AS Yadav,31.123108333333324
1216499_CH Morris,25.898266666666668
1216499_D Padikkal,44.66481190476191
1216499_DW Steyn,41.2367
1216499_Gurkeerat Singh,20.287816666666668
1216499_HH Pandya,33.40103333333334
1216499_Ishan Kishan,30.091217460317463
1216499_JJ Bumrah,19.929895238095245
1216499_JL Pattinson,20.80024523809524
1216499_KA Pollard,21.191664285714282
1216499_KH Pandya,40.32667142857142
1216499_Mohammed Siraj,15.314383333333334
1216499_Philippe,17.69871435786435
1216499_Q de Kock,25.0675
1216499_RD Chahar,31.48552619047619
1216499_S Dube,22.40035
1216499_SS Tiwary,40.839857142857156
1216499_TA Boult,25.11998333333333
1216499_V Kohli,13.172357142857143
1216499_Washington Sundar,19.036473809523805
1216499_YS Chahal,23.76768809523809
1216500_AJ Tye,13.773785714285713
1216500_AR Patel,28.38601471861472
1216500_Anrich Nortje,31.907833333333336
1216500_HV Patel,19.05325
1216500_J Archer,34.58347142857143
1216500_JC Buttler,46.782710714285706
1216500_K Rabada,25.58211428571428
1216500_Kartik Tyagi,59.2890976190476
1216500_M Lomror,15.556466666666667
1216500_MP Stoinis,40.575061111111125
1216500_P Shaw,23.60536111111111
1216500_R Ashwin,31.42246428571429
1216500_R Tewatia,47.716345238095265
1216500_RR Pant,17.99937142857143
1216500_S Dhawan,18.465247619047616
1216500_S Gopal,25.816607142857137
1216500_S Hetmyer,18.635166666666663
1216500_SPD Smith,16.0669
1216500_SS Iyer,34.92081428571429
1216500_SV Samson,45.16236666666666
1216500_VR Aaron,21.096
1216500_YBK Jaiswal,33.15508837551337
1216501_AD Russell,33.71166666666667
1216501_AT Rayudu,36.639199999999995
1216501_CV Varun,47.214333333333336
1216501_DJ Bravo,33.4816
1216501_DL Chahar,51.34356190476191
1216501_EJG Morgan,35.67361666666667
1216501_F du Plessis,25.593
1216501_KD Karthik,36.58744166666667
1216501_KL Nagarkoti,31.866
1216501_KM Jadhav,33.52925833333333
1216501_KV Sharma,21.051166666666663
1216501_MS Dhoni,30.430349999999997
1216501_N Rana,29.15185
1216501_PJ Cummins,18.6795
1216501_RA Jadeja,35.40534523809524
1216501_RA Tripathi,23.00883333333333
1216501_S Curran,37.66079761904763
1216501_SN Thakur,15.806416666666667
1216501_SP Narine,24.462533333333333
1216501_SR Watson,33.674466666666675
1216501_Shivam Mavi,21.33716666666667
1216501_Shubman Gill,22.726166666666668
1216502_AB de Villiers,23.332
1216502_Abhishek Sharma,46.44463730158731
1216502_CH Morris,42.82666666666666
1216502_D Padikkal,49.610073809523804
1216502_DA Warner,31.582688095238094
1216502_Gurkeerat Singh,34.01408571428571
1216502_I Udana,27.767916666666668
1216502_JO Holder,32.31835714285714
1216502_KS Williamson,12.969200000000004
1216502_MK Pandey,39.8435
1216502_Mohammed Siraj,33.1919
1216502_N Saini,19.16726666666667
1216502_Philippe,24.127929761904767
1216502_Priyam Garg,20.12645238095238
1216502_Rashid Khan,21.694449999999996
1216502_S Nadeem,18.178300000000004
1216502_Sandeep Sharma,43.35739126984125
1216502_T Natarajan,21.80356666666667
1216502_V Kohli,37.1932
1216502_WP Saha,17.306361904761904
1216502_Washington Sundar,16.3201
1216502_YS Chahal,21.378574206349203
1216503_AS Yadav,48.49088095238096
1216503_Cottrell,30.73298333333333
1216503_GJ Maxwell,37.262369047619046
1216503_HH Pandya,41.880916666666664
1216503_Ishan Kishan,29.954649999999997
1216503_JDS Neesham,18.42066666666667
1216503_JJ Bumrah,15.083333333333334
1216503_JL Pattinson,14.774
1216503_K Gowtham,14.535576190476192
1216503_KA Pollard,19.956783333333334
1216503_KK Nair,22.418599999999998
1216503_KL Rahul,18.231933333333334
1216503_MA Agarwal,25.201845238095242
1216503_MK Pandey,56.566
1216503_Mohammed Shami,26.0485
1216503_N Pooran,31.392333333333337
1216503_Q de Kock,28.513928571428572
1216503_RD Chahar,29.154966666666677
1216503_RG Sharma,23.168583333333334
1216503_Ravi Bishnoi,35.38346428571429
1216503_SN Khan,34.451299999999996
1216503_TA Boult,34.94624999999999
1216504_AD Russell,29.677783333333334
1216504_AS Rajpoot,60.36253333333335
1216504_CV Varun,37.88338095238095
1216504_EJG Morgan,30.083399999999994
1216504_J Archer,25.829283333333333
1216504_JC Buttler,34.68466666666667
1216504_JD Unadkat,42.29323333333336
1216504_KD Karthik,37.165116666666655
1216504_KL Nagarkoti,34.87979047619048
1216504_Kuldeep Yadav,19.394776587301592
1216504_N Rana,19.49453809523809
1216504_PJ Cummins,32.5215619047619
1216504_R Parag,21.501611904761912
1216504_R Tewatia,36.256899999999995
1216504_RV Uthappa,21.441466666666667
1216504_S Gopal,32.388
1216504_SP Narine,32.91572222222222
1216504_SPD Smith,27.519207936507936
1216504_SV Samson,41.361216666666664
1216504_Shivam Mavi,18.168583333333334
1216504_Shubman Gill,27.53825
1216504_T Curran,31.482767857142854
1216505_AB de Villiers,17.10373333333333
1216505_AM Rahane,38.34766666666667
1216505_AR Patel,29.003138095238086
1216505_Anrich Nortje,48.05794761904762
1216505_CH Morris,37.82445
1216505_D Padikkal,34.39399285714286
1216505_I Udana,38.42104523809524
1216505_K Rabada,21.188019047619047
1216505_MP Stoinis,33.26743333333333
1216505_Mohammed Siraj,22.124555194805193
1216505_P Shaw,20.1847
1216505_Philippe,30.157066666666662
1216505_R Ashwin,21.387505952380952
1216505_RR Pant,27.337416666666673
1216505_S Dhawan,22.944233333333333
1216505_S Dube,30.32473333333333
1216505_SS Iyer,24.513114285714288
1216505_SV Samson,13.210511904761907
1216505_Shahbaz Ahmed,35.04102777777778
1216505_Shahbaz Ahmed ,27.052416666666662
1216505_V Kohli,12.082940476190476
1216505_Washington Sundar,14.880997619047616
1216505_YS Chahal,19.098714285714287
1216506_AT Rayudu,35.90965
1216506_CH Gayle,29.004880952380955
1216506_CJ Jordan,41.49766428571428
1216506_DJ Hooda,24.78955
1216506_DL Chahar,33.02693333333333
1216506_F du Plessis,25.32006666666667
1216506_Imran Tahir,40.16458333333333
1216506_JDS Neesham,23.30016666666667
1216506_KL Rahul,25.142923809523808
1216506_L Ngidi,36.96183333333333
1216506_M Ashwin,24.875700000000002
1216506_MA Agarwal,35.541404761904765
1216506_Mandeep Singh,25.38175
1216506_Mohammed Shami,21.103666666666665
1216506_N Pooran,20.574
1216506_RA Jadeja,45.038226190476195
1216506_RD Gaikwad,29.509183333333333
1216506_Ravi Bishnoi,29.701716666666666
1216506_S Curran,26.321
1216506_SN Thakur,24.037366666666667
1216507_Abhishek Sharma,30.776366666666664
1216507_BA Stokes,17.186166666666665
1216507_DA Warner,25.935066666666664
1216507_J Archer,14.2145
1216507_J Bairstow,14.1695
1216507_JC Buttler,21.2755
1216507_JD Unadkat,16.95530714285714
1216507_K Ahmed,39.532083333333325
1216507_KS Williamson,23.5115
1216507_Kartik Tyagi,24.4902
1216507_MK Pandey,36.97335952380953
1216507_Priyam Garg,21.804266666666667
1216507_R Parag,34.025616666666664
1216507_R Tewatia,23.130699999999997
1216507_RV Uthappa,27.726133333333326
1216507_Rashid Khan,21.860959523809523
1216507_S Gopal,17.621366666666667
1216507_SPD Smith,22.001873809523804
1216507_SV Samson,33.17239285714285
1216507_Sandeep Sharma,12.305666666666667
1216507_T Natarajan,15.0945
1216507_V Shankar,15.481633333333333
1216508_AD Russell,43.6242
1216508_AS Yadav,40.9276
1216508_EJG Morgan,23.104864285714278
1216508_HH Pandya,34.26124761904762
1216508_JJ Bumrah,20.872833333333336
1216508_JL Pattinson,25.326
1216508_KA Pollard,32.45255
1216508_KD Karthik,51.16180119047618
1216508_KH Pandya,41.13316666666667
1216508_Kuldeep Yadav,19.65001666666667
1216508_MK Pandey,47.58290000000001
1216508_N Naik,23.39586666666667
1216508_N Rana,37.9255
1216508_PJ Cummins,16.500933333333336
1216508_Q de Kock,33.30040000000001
1216508_RD Chahar,36.89013333333333
1216508_RG Sharma,31.6219
1216508_SP Narine,21.842783333333333
1216508_SS Tiwary,26.00851666666667
1216508_Sandeep Warrier,39.097076190476194
1216508_Shivam Mavi,23.893133333333335
1216508_Shubman Gill,23.420300000000005
1216508_TA Boult,29.61474999999999
1216509_AM Rahane,25.993583333333333
1216509_AT Rayudu,48.81658333333333
1216509_Anrich Nortje,22.6487
1216509_Carey,18.82088333333333
1216509_DJ Bravo,31.075664285714286
1216509_DL Chahar,30.49470238095238
1216509_Deshpande,32.818008333333346
1216509_F du Plessis,34.8144
1216509_HV Patel,16.64958333333333
1216509_K Rabada,43.905
1216509_KV Sharma,34.17661666666667
1216509_MP Stoinis,20.01191904761905
1216509_MS Dhoni,38.32834047619048
1216509_P Shaw,25.61807142857143
1216509_R Ashwin,32.075966666666666
1216509_RA Jadeja,25.579649999999997
1216509_S Curran,37.658699999999996
1216509_S Dhawan,26.564
1216509_SN Thakur,28.410883333333334
1216509_SR Watson,37.72546666666666
1216509_SS Iyer,22.261933333333335
1216510_AB de Villiers,22.914166666666667
1216510_AJ Finch,27.773833333333332
1216510_Cottrell,25.341
1216510_D Padikkal,32.73193333333334
1216510_DW Steyn,49.060583333333334
1216510_GJ Maxwell,26.051416666666668
1216510_JDS Neesham,36.107683333333334
1216510_KK Nair,35.92758333333333
1216510_KL Rahul,24.84598333333333
1216510_M Ashwin,30.7458
1216510_MA Agarwal,24.020702380952383
1216510_Mohammed Shami,31.273016666666667
1216510_N Pooran,27.923583333333333
1216510_N Saini,20.564116666666663
1216510_Philippe,40.23766666666667
1216510_Ravi Bishnoi,35.44971666666667
1216510_S Dube,13.060666666666666
1216510_UT Yadav,49.274783333333325
1216510_V Kohli,34.00756666666667
1216510_Washington Sundar,25.02629047619048
1216510_YS Chahal,38.873700000000014
1216511_AS Rajpoot,29.949085714285705
1216511_AS Yadav,24.748690476190472
1216511_HH Pandya,33.96726666666667
1216511_J Archer,24.360497619047614
1216511_JC Buttler,18.790171428571426
1216511_JJ Bumrah,17.364171428571424
1216511_JL Pattinson,19.755699999999997
1216511_KA Pollard,29.11103095238095
1216511_KH Pandya,33.73484642857143
1216511_Kartik Tyagi,24.85456190476191
1216511_M Lomror,31.21256666666667
1216511_MK Pandey,34.80569285714285
1216511_Q de Kock,24.913550000000004
1216511_R Tewatia,30.698261904761907
1216511_RD Chahar,32.95194285714287
1216511_RG Sharma,23.45803333333333
1216511_S Gopal,30.264366666666664
1216511_SPD Smith,23.700616666666665
1216511_SV Samson,40.49785238095239
1216511_T Curran,21.730646886446895
1216511_TA Boult,26.346824999999995
1216511_YBK Jaiswal,43.58917380952383
1216512_AD Russell,27.769266666666667
1216512_Abdul Samad,34.1434988095238
1216512_Basil Thampi,42.826966666666664
1216512_CV Varun,36.28393333333334
1216512_DA Warner,31.404076190476175
1216512_EJG Morgan,29.521071428571428
1216512_J Bairstow,27.45442857142857
1216512_KD Karthik,49.28352683982684
1216512_KS Williamson,18.211633333333335
1216512_Kuldeep Yadav,17.874516666666665
1216512_L Ferguson,55.65308095238098
1216512_MK Pandey,27.54416666666667
1216512_N Rana,26.7645
1216512_PJ Cummins,17.62175
1216512_Priyam Garg,22.16063333333334
1216512_RA Tripathi,52.056831746031754
1216512_Rashid Khan,33.968821428571445
1216512_Sandeep Sharma,32.98015
1216512_Shivam Mavi,32.908483333333336
1216512_Shubman Gill,35.06498333333334
1216512_T Natarajan,22.574349999999995
1216512_V Shankar,13.151733333333333
1216512_nan,18.228916666666667
1216513_CJ Jordan,29.4025
1216513_Cottrell,21.4866
1216513_DJ Bravo,27.071416666666668
1216513_DL Chahar,31.386892857142858
1216513_F du Plessis,39.02109999999999
1216513_GJ Maxwell,33.271033333333335
1216513_Harpreet Singh,36.506747619047616
1216513_KL Rahul,24.80145
1216513_MA Agarwal,32.99333333333333
1216513_Mandeep Singh,27.01833333333333
1216513_Mohammed Shami,29.239392857142857
1216513_N Pooran,29.00159047619048
1216513_PP Chawla,23.11880476190476
1216513_RA Jadeja,15.936969047619048
1216513_Ravi Bishnoi,42.73751666666667
1216513_S Curran,32.6508
1216513_SN Khan,55.0624380952381
1216513_SN Thakur,33.42478452380953
1216513_SR Watson,48.583550793650794
1216514_A Zampa,48.665
1216514_AB de Villiers,23.994
1216514_AJ Finch,37.4796
1216514_D Padikkal,43.935151190476184
1216514_I Udana,35.697183333333335
1216514_J Archer,32.51035
1216514_JC Buttler,27.754383333333337
1216514_JD Unadkat,24.813950000000002
1216514_M Lomror,30.533185714285715
1216514_N Saini,23.427
1216514_R Parag,28.733433333333334
1216514_R Tewatia,35.49853571428571
1216514_RV Uthappa,28.047416666666667
1216514_S Dube,25.059
1216514_S Gopal,32.3935
1216514_SPD Smith,7.319
1216514_SV Samson,42.447625000000016
1216514_T Curran,29.152666666666665
1216514_V Kohli,12.384500000000001
1216514_Washington Sundar,8.357741666666668
1216514_YS Chahal,20.23995
1216515_A Mishra,28.69045
1216515_AD Russell,28.32441666666667
1216515_AR Patel,37.67606706349206
1216515_Anrich Nortje,36.486316666666674
1216515_CV Varun,26.459964285714285
1216515_EJG Morgan,16.13145
1216515_HV Patel,27.788416666666663
1216515_K Rabada,39.6601630952381
1216515_KD Karthik,44.60975000000001
1216515_KL Nagarkoti,31.4619
1216515_MP Stoinis,35.73598333333334
1216515_N Rana,20.54475
1216515_P Shaw,18.74826666666667
1216515_PJ Cummins,34.68428333333333
1216515_R Ashwin,17.85591666666667
1216515_RA Tripathi,30.3266
1216515_RR Pant,28.917416666666668
1216515_S Dhawan,25.866742857142857
1216515_S Hetmyer,25.001699999999996
1216515_SP Narine,45.86743492063493
1216515_SS Iyer,37.4179
1216515_Shivam Mavi,19.812133333333332
1216515_Shubman Gill,23.26113333333333
1216516_AT Rayudu,33.784
1216516_Abdul Samad,42.572
1216516_Abhishek Sharma,26.867874999999998
1216516_DA Warner,22.751583333333333
1216516_DJ Bravo,21.094166666666666
1216516_DL Chahar,27.29956666666667
1216516_F du Plessis,23.169666666666668
1216516_J Bairstow,4.7513999999999985
1216516_K Ahmed,29.4027
1216516_KM Jadhav,24.95139217171718
1216516_KS Williamson,18.505986904761908
1216516_MK Pandey,37.769866666666665
1216516_MS Dhoni,52.82234761904761
1216516_P Kumar,29.69558333333333
1216516_PP Chawla,21.983700000000002
1216516_Priyam Garg,17.8255
1216516_RA Jadeja,60.559
1216516_Rashid Khan,33.3887380952381
1216516_S Curran,30.575288095238097
1216516_SN Thakur,67.37104047619049
1216516_SR Watson,51.34293690476192
1216516_T Natarajan,55.19921666666666
1216517_AS Yadav,49.09255
1216517_Arshdeep Singh,36.03483333333334
1216517_CH Gayle,27.185211904761903
1216517_CJ Jordan,31.97575
1216517_DJ Hooda,40.782
1216517_GJ Maxwell,24.798
1216517_HH Pandya,38.453133333333334
1216517_Ishan Kishan,27.012566666666665
1216517_JJ Bumrah,23.34078809523809
1216517_KA Pollard,27.712133333333334
1216517_KD Karthik,23.944414285714284
1216517_KH Pandya,31.693033333333332
1216517_KL Rahul,26.004700793650787
1216517_M Ashwin,10.717297619047619
1216517_MA Agarwal,26.628157142857138
1216517_Mohammed Shami,39.38513809523808
1216517_N Pooran,42.15017619047618
1216517_NM Coulter-Nile,38.78151428571429
1216517_Q de Kock,23.388333333333335
1216517_RD Chahar,59.23717619047619
1216517_RG Sharma,34.51463333333333
1216517_Ravi Bishnoi,55.3769
1216517_SA Yadav,16.569124603174604
1216517_TA Boult,22.01045674603175
1216518_AS Rajpoot,36.62273809523809
1216518_BA Stokes,22.70715
1216518_DA Warner,36.837633333333336
1216518_J Archer,27.588966666666664
1216518_J Bairstow,18.960499999999996
1216518_JC Buttler,17.367416666666667
1216518_JO Holder,33.89329761904762
1216518_Kartik Tyagi,23.080916666666663
1216518_MK Pandey,40.236066666666666
1216518_R Parag,28.301099999999998
1216518_R Tewatia,30.212033333333338
1216518_RV Uthappa,31.25775
1216518_Rashid Khan,34.53245
1216518_S Gopal,21.919916666666666
1216518_S Nadeem,12.5084
1216518_SPD Smith,30.858716666666663
1216518_SV Samson,36.754579365079366
1216518_Sandeep Sharma,34.01341825396826
1216518_T Natarajan,19.491333333333337
1216518_V Shankar,11.453933333333332
1216519_AB de Villiers,23.762864285714286
1216519_AJ Finch,43.68601666666665
1216519_AR Patel,36.36866984126986
1216519_Anrich Nortje,39.7365
1216519_D Padikkal,29.69163571428572
1216519_HV Patel,27.065390476190476
1216519_I Udana,37.54984007936509
1216519_K Rabada,38.322
1216519_M Ali,15.77187142857143
1216519_MP Stoinis,37.862814285714286
1216519_Mohammed Siraj,33.76754682539682
1216519_N Saini,23.65656666666667
1216519_P Shaw,21.490047619047623
1216519_R Ashwin,23.54069761904762
1216519_RR Pant,30.047100000000007
1216519_S Dhawan,23.06415476190476
1216519_S Dube,30.390821428571428
1216519_S Hetmyer,38.77982738095238
1216519_SS Iyer,18.577514285714287
1216519_V Kohli,35.236983333333335
1216519_Washington Sundar,29.17480714285714
1216519_YS Chahal,37.0633119047619
1216520_Arshdeep Singh,40.5627619047619
1216520_CH Gayle,28.62870714285714
1216520_CJ Jordan,69.1542
1216520_CV Varun,60.92211666666667
1216520_EJG Morgan,22.49431666666667
1216520_GJ Maxwell,23.41469761904762
1216520_KD Karthik,25.470833333333335
1216520_KL Nagarkoti,24.062266666666666
1216520_KL Rahul,25.03330238095238
1216520_L Ferguson,42.75254999999999
1216520_M Ashwin,19.43605
1216520_Mandeep Singh,30.993523809523808
1216520_Mohammed Shami,29.747247619047613
1216520_N Pooran,32.69715
1216520_PJ Cummins,19.309809523809523
1216520_Prasidh Krishna,20.433142857142855
1216520_RA Tripathi,38.88805238095239
1216520_Ravi Bishnoi,33.12478333333333
1216520_SP Narine,38.244524999999996
1216520_Shubman Gill,23.24155
1216521_AT Rayudu,31.136966666666666
1216521_DL Chahar,28.480850000000004
1216521_F du Plessis,48.87975
1216521_Hazlewood,26.57475
1216521_Imran Tahir,28.96341666666667
1216521_Ishan Kishan,22.13025
1216521_JJ Bumrah,10.274
1216521_KA Pollard,34.143433333333334
1216521_MK Pandey,26.020799999999998
1216521_MS Dhoni,24.253083333333333
1216521_NM Coulter-Nile,16.5105
1216521_Q de Kock,25.488550000000004
1216521_RA Jadeja,42.35566666666667
1216521_RD Chahar,32.79116666666667
1216521_RD Gaikwad,22.9117
1216521_S Curran,25.929080952380946
1216521_SN Thakur,41.405211904761906
1216521_TA Boult,31.8086
1216522_AB de Villiers,15.949
1216522_AJ Finch,16.806
1216522_BA Stokes,20.05285
1216522_CH Morris,30.4569
1216522_D Padikkal,39.308566666666664
1216522_Gurkeerat Singh,20.2685
1216522_I Udana,21.21366666666667
1216522_J Archer,25.329333333333334
1216522_JC Buttler,25.533083333333334
1216522_JD Unadkat,30.879016666666665
1216522_Kartik Tyagi,27.983333333333334
1216522_N Saini,10.121025
1216522_R Tewatia,22.899066666666666
1216522_RV Uthappa,29.14975
1216522_S Gopal,20.689916666666665
1216522_SPD Smith,21.34611010101011
1216522_SV Samson,29.200350000000007
1216522_Shahbaz Ahmed ,12.52308333333333
1216522_V Kohli,29.853528571428566
1216522_Washington Sundar,36.556940476190476
1216522_YS Chahal,62.587
1216523_AD Russell,38.25658333333333
1216523_Arshdeep Singh,22.815097619047613
1216523_CJ Jordan,30.1412642857143
1216523_CV Varun,30.390166666666676
1216523_EJG Morgan,25.54401666666667
1216523_GJ Maxwell,29.90270238095238
1216523_KD Karthik,29.494122222222213
1216523_KL Nagarkoti,19.929609523809525
1216523_KL Rahul,15.68482619047619
1216523_M Ur Rahman,28.33513333333333
1216523_MA Agarwal,23.91388333333333
1216523_Mohammed Shami,33.28086666666667
1216523_N Pooran,33.0995
1216523_N Rana,42.0525
1216523_PJ Cummins,31.782283333333332
1216523_Prabhsimran Singh,23.343768614718606
1216523_Prasidh Krishna ,13.764400000000002
1216523_RA Tripathi,29.97078333333333
1216523_Ravi Bishnoi,16.273309523809523
1216523_SP Narine,28.957833333333337
1216523_Shubman Gill,14.351500000000001
1216524_AM Rahane,23.47405
1216524_Anrich Nortje,43.77079761904763
1216524_DA Warner,20.202853174603174
1216524_Deshpande,16.73079166666667
1216524_HV Patel,35.05705595238094
1216524_JO Holder,29.55775
1216524_K Rabada,34.94133333333333
1216524_KS Williamson,27.504033333333332
1216524_MK Pandey,42.3150619047619
1216524_MP Stoinis,27.91596666666667
1216524_R Ashwin,27.744330952380952
1216524_RR Pant,34.42971269841269
1216524_Rashid Khan,33.673490476190466
1216524_S Hetmyer,31.081994047619048
1216524_S Nadeem,20.365777380952387
1216524_SS Iyer,46.58384920634921
1216524_Sandeep Sharma,37.126216666666664
1216524_T Natarajan,18.524707142857146
1216524_V Shankar,12.803833333333333
1216524_WP Saha,20.622925000000002
1216525_AB de Villiers,24.681833333333337
1216525_AJ Finch,36.991
1216525_AT Rayudu,28.515900000000002
1216525_CH Morris,24.06985
1216525_D Padikkal,29.51056666666667
1216525_DJ Bravo,26.337083333333332
1216525_DL Chahar,38.07866666666666
1216525_F du Plessis,36.5995
1216525_I Udana,17.066333333333336
1216525_Jagadeesan,34.43241666666667
1216525_KV Sharma,30.107200000000006
1216525_MS Dhoni,31.746133333333333
1216525_N Saini,20.113883333333327
1216525_RA Jadeja,50.03515
1216525_S Curran,30.944619047619053
1216525_S Dube,17.334
1216525_SN Thakur,44.621004761904764
1216525_SR Watson,27.308044444444445
1216525_V Kohli,31.881290476190475
1216525_Washington Sundar,38.07646666666667
1216525_YS Chahal,50.656316666666676
1216526_AD Russell,28.84915
1216526_AS Yadav,39.401133333333334
1216526_CJ Green,29.030083333333337
1216526_CV Varun,26.271583333333336
1216526_EJG Morgan,22.481616666666664
1216526_HH Pandya,30.18979047619048
1216526_JJ Bumrah,19.08926190476191
1216526_KD Karthik,45.62018434343436
1216526_MEK Hussey,37.74709166666668
1216526_N Rana,21.266666666666666
1216526_NM Coulter-Nile,31.207666666666668
1216526_PJ Cummins,20.624566666666674
1216526_Prasidh Krishna,14.826321428571426
1216526_Q de Kock,29.497935714285717
1216526_RA Tripathi,37.293240476190476
1216526_RD Chahar,47.161521428571426
1216526_RG Sharma,30.464321428571427
1216526_Shivam Mavi,11.157416666666668
1216526_Shubman Gill,12.1982
1216526_TA Boult,29.46822182539682
1216527_AS Rajpoot,48.60257777777778
1216527_Cottrell,27.20895
1216527_GJ Maxwell,23.2841
1216527_J Archer,20.496133333333336
1216527_JC Buttler,32.89203333333333
1216527_JD Unadkat,28.13475238095238
1216527_JDS Neesham,21.618542857142856
1216527_KL Rahul,32.86116666666667
1216527_M Ashwin,23.186800000000005
1216527_MA Agarwal,24.292107142857144
1216527_Mohammed Shami,35.31688571428571
1216527_N Pooran,31.772802380952378
1216527_R Parag,21.774150000000006
1216527_R Tewatia,37.64908571428571
1216527_RV Uthappa,25.971357936507943
1216527_Ravi Bishnoi,23.746216666666676
1216527_S Gopal,29.17477380952381
1216527_SPD Smith,27.044400000000003
1216527_SV Samson,36.589366666666656
1216527_T Curran,25.061733333333333
1216528_AT Rayudu,39.20818333333334
1216528_DA Warner,31.75925
1216528_DJ Bravo,24.816
1216528_DL Chahar,31.8493
1216528_J Bairstow,34.328625
1216528_K Ahmed,53.07899999999999
1216528_KS Williamson,55.62283333333332
1216528_KV Sharma,52.52408333333333
1216528_MK Pandey,35.62784047619048
1216528_MS Dhoni,31.672717857142857
1216528_PP Chawla,23.344416666666664
1216528_Priyam Garg,30.82225
1216528_RA Jadeja,50.97809523809523
1216528_Rashid Khan,36.16008809523809
1216528_S Curran,34.09203888888888
1216528_S Nadeem,42.8645
1216528_SN Thakur,25.329654761904763
1216528_SR Watson,46.99168968253969
1216528_Sandeep Sharma,32.83763333333333
1216528_T Natarajan,26.29009047619048
1216528_V Shankar,16.87216666666667
1216529_AM Rahane,13.812850000000001
1216529_AR Patel,36.49295548340549
1216529_AS Yadav,64.30404999999999
1216529_Anrich Nortje,26.98665
1216529_Carey,21.772783333333333
1216529_HH Pandya,46.19543333333333
1216529_HV Patel,23.472966666666668
1216529_Ishan Kishan,32.415378571428576
1216529_JJ Bumrah,23.685285714285715
1216529_JL Pattinson,32.83040000000001
1216529_K Rabada,39.09886666666667
1216529_KA Pollard,41.85621666666667
1216529_KH Pandya,42.61080183982684
1216529_MP Stoinis,23.4166
1216529_P Shaw,15.343166666666665
1216529_Q de Kock,35.874921428571426
1216529_R Ashwin,32.22648809523809
1216529_RD Chahar,40.970533333333336
1216529_RG Sharma,22.4502
1216529_S Dhawan,22.419014285714287
1216529_SS Iyer,32.28200555555556
1216529_TA Boult,27.212207936507934
1216530_AD Russell,30.267266666666664
1216530_BA Stokes,32.09644285714286
1216530_CV Varun,32.843
1216530_EJG Morgan,20.6885
1216530_J Archer,27.178416666666664
1216530_JC Buttler,25.978833333333323
1216530_KL Nagarkoti,30.70236666666667
1216530_Kartik Tyagi,37.207833333333326
1216530_PJ Cummins,25.557111904761907
1216530_R Parag,38.89793809523809
1216530_R Tewatia,47.10536666666666
1216530_RA Tripathi,20.011799999999997
1216530_RV Uthappa,24.037116666666662
1216530_S Gopal,15.386990476190475
1216530_SP Narine,43.93365000000001
1216530_SPD Smith,28.161455844155842
1216530_SV Samson,23.204849999999993
1216530_Shivam Mavi,13.647333333333332
1216530_Shubman Gill,16.515400000000003
1216530_VR Aaron,30.295321428571423
1216531_AB de Villiers,12.695699999999999
1216531_AJ Finch,26.01063333333333
1216531_Arshdeep Singh,33.98096666666667
1216531_CH Gayle,27.92513333333333
1216531_CH Morris,29.345216666666666
1216531_CJ Jordan,63.15408333333333
1216531_D Padikkal,38.0650119047619
1216531_GJ Maxwell,19.064783333333335
1216531_I Udana,27.920061255411255
1216531_KL Rahul,27.31403333333333
1216531_M Ashwin,31.337466666666668
1216531_MA Agarwal,26.30264047619048
1216531_Mohammed Shami,26.836064285714286
1216531_Mohammed Siraj,23.24356428571429
1216531_N Pooran,32.82738333333333
1216531_N Saini,22.147
1216531_Ravi Bishnoi,23.902466666666665
1216531_S Dube,19.91463333333333
1216531_V Kohli,25.081616666666662
1216531_Washington Sundar,36.204795634920636
1216531_YS Chahal,41.47605595238096
1216532_A Mishra,20.957399999999996
1216532_AR Patel,25.983599999999992
1216532_Abdul Samad,69.42869999999999
1216532_Abhishek Sharma,61.850621428571436
1216532_Ankit Sharma,50.46172142857144
1216532_Anrich Nortje,36.82945714285716
1216532_DA Warner,31.327516666666675
1216532_J Bairstow,45.97763333333333
1216532_K Ahmed,25.006083333333326
1216532_K Rabada,22.27878333333333
1216532_KS Williamson,18.81777777777778
1216532_MK Pandey,51.17566666666667
1216532_MP Stoinis,52.80666666666668
1216532_P Kumar,15.213183333333335
1216532_P Shaw,17.294816666666666
1216532_RR Pant,32.684066666666666
1216532_Rashid Khan,30.764633333333336
1216532_S Dhawan,21.58803333333332
1216532_S Hetmyer,24.084558333333327
1216532_SS Iyer,31.377954761904768
1216532_T Natarajan,24.111978571428573
1216533_AS Rajpoot,24.936140476190477
1216533_AT Rayudu,32.33131666666666
1216533_BA Stokes,23.12525714285715
1216533_DL Chahar,37.9635
1216533_F du Plessis,32.486047619047625
1216533_Hazlewood,46.364530952380946
1216533_J Archer,34.00193333333334
1216533_JC Buttler,30.052273809523808
1216533_KM Jadhav,25.81402142857144
1216533_Kartik Tyagi,33.387009523809525
1216533_MS Dhoni,36.08396666666666
1216533_PP Chawla,23.414249999999996
1216533_R Tewatia,35.699255952380945
1216533_RA Jadeja,35.84743928571428
1216533_RV Uthappa,19.360792857142858
1216533_S Curran,23.922707142857142
1216533_S Gopal,19.902083333333334
1216533_SN Thakur,41.13516666666667
1216533_SPD Smith,20.68715
1216533_SR Watson,29.57463333333333
1216533_SV Samson,25.635123809523805
1216534_AB de Villiers,19.793
1216534_AJ Finch,25.924
1216534_Abhishek Sharma,40.872561904761895
1216534_D Padikkal,45.69281666666666
1216534_DA Warner,35.235699999999994
1216534_DW Steyn,25.09293333333333
1216534_J Bairstow,45.0565
1216534_MK Pandey,31.430823809523808
1216534_MR Marsh,50.2904
1216534_N Saini,24.1675
1216534_P Kumar,23.869
1216534_Philippe,16.462666666666667
1216534_Priyam Garg,22.731050000000007
1216534_Rashid Khan,27.606583333333333
1216534_S Dube,8.881483333333334
1216534_Sandeep Sharma,13.222833333333334
1216534_T Natarajan,19.621666666666663
1216534_UT Yadav,39.72125952380952
1216534_V Kohli,31.44874285714285
1216534_V Shankar,17.642266666666668
1216534_Washington Sundar,28.50373333333333
1216534_YS Chahal,54.23841666666667
1216535_Anrich Nortje,28.904416666666663
1216535_HV Patel,31.36356666666667
1216535_Ishan Kishan,25.706116666666667
1216535_JJ Bumrah,42.72491904761905
1216535_K Rabada,38.232673412698425
1216535_KH Pandya,32.43125
1216535_MJ Guptill,35.801852777777775
1216535_MP Stoinis,29.682442857142863
1216535_NM Coulter-Nile,32.27618571428572
1216535_P Shaw,21.71444047619047
1216535_Praveen Dubey,32.922016666666664
1216535_Q de Kock,28.642442857142857
1216535_R Ashwin,20.95522619047619
1216535_RD Chahar,50.629633333333345
1216535_RR Pant,40.98211666666666
1216535_S Dhawan,26.412999999999997
1216535_S Hetmyer,35.73733333333334
1216535_SA Yadav,55.14117460317461
1216535_SS Iyer,26.96125
1216535_TA Boult,21.149645238095232
1216536_AT Rayudu,29.827616666666664
1216536_CV Varun,36.38563095238096
1216536_DL Chahar,25.211926190476195
1216536_EJG Morgan,19.023633333333333
1216536_KD Karthik,35.0745
1216536_KL Nagarkoti,16.9576
1216536_KV Sharma,34.4065
1216536_L Ferguson,48.594316666666664
1216536_L Ngidi,44.07608333333333
1216536_M Santner,31.181899999999995
1216536_MS Dhoni,39.34143333333333
1216536_N Rana,16.77406666666667
1216536_PJ Cummins,26.41497380952381
1216536_R Singh,18.903842857142855
1216536_RA Jadeja,26.902549999999998
1216536_RA Tripathi,20.600166666666667
1216536_RD Gaikwad,20.609169047619048
1216536_S Curran,20.959988095238092
1216536_SP Narine,43.36566666666667
1216536_SR Watson,32.17240443722944
1216536_Shubman Gill,15.910166666666667
1216537_Arshdeep Singh,42.134888095238104
1216537_BA Stokes,37.67834761904763
1216537_CH Gayle,44.7102988095238
1216537_CJ Jordan,41.55687857142856
1216537_DJ Hooda,23.159666666666666
1216537_GJ Maxwell,35.91335238095238
1216537_J Archer,36.61476666666668
1216537_JC Buttler,30.59279523809524
1216537_KL Rahul,20.38807142857143
1216537_Kartik Tyagi,29.409899999999993
1216537_M Ashwin,24.299433333333333
1216537_Mohammed Shami,29.2855
1216537_N Pooran,33.04375
1216537_R Tewatia,31.621285714285712
1216537_RV Uthappa,30.959259523809525
1216537_Ravi Bishnoi,19.54984285714286
1216537_S Gopal,26.366080952380955
1216537_SPD Smith,25.486600000000003
1216537_SV Samson,28.49031071428571
1216537_VR Aaron,17.060837301587306
1216538_AS Yadav,17.931900000000002
1216538_Abdul Samad,39.10340119047619
1216538_Abhishek Sharma,28.469159126984135
1216538_DA Warner,24.57269047619048
1216538_HH Pandya,29.468488095238094
1216538_Ishan Kishan,31.073324603174587
1216538_J Bairstow,17.877864285714285
1216538_JJ Bumrah,13.253383333333336
1216538_JL Pattinson,19.260084523809525
1216538_KA Pollard,23.631402380952384
1216538_KH Pandya,36.559030952380944
1216538_KS Williamson,11.658026190476193
1216538_MK Pandey,35.42948333333333
1216538_Priyam Garg,18.652159523809523
1216538_Q de Kock,24.59454285714285
1216538_RD Chahar,43.102083333333326
1216538_RG Sharma,20.757134126984134
1216538_Rashid Khan,26.376229365079364
1216538_S Kaul,11.503180952380951
1216538_Sandeep Sharma,34.13936547619047
1216538_T Natarajan,19.755866666666666
1216538_TA Boult,26.454
1216539_A Mishra,62.40297976190476
1216539_AR Patel,26.510900000000014
1216539_Anrich Nortje,20.480476190476192
1216539_Avesh Khan,12.211566666666664
1216539_DL Chahar,22.759990476190477
1216539_F du Plessis,40.152816666666666
1216539_Hazlewood,49.122499999999995
1216539_K Rabada,27.482216666666666
1216539_KM Jadhav,30.18202777777778
1216539_M Vijay,20.29645
1216539_MP Stoinis,23.142100000000003
1216539_MS Dhoni,31.84818333333333
1216539_P Shaw,16.797283333333333
1216539_PP Chawla,20.569833333333335
1216539_RA Jadeja,15.775333333333332
1216539_RD Gaikwad,21.37730952380952
1216539_RR Pant,30.072233333333333
1216539_S Curran,36.7285
1216539_S Dhawan,34.315404761904766
1216539_SR Watson,54.30878333333334
1216539_SS Iyer,20.124821428571426
1216540_AB de Villiers,10.807166666666667
1216540_AD Russell,30.536649999999998
1216540_AJ Finch,36.69246666666667
1216540_CH Morris,44.296321428571424
1216540_CV Varun,47.20263095238096
1216540_D Padikkal,24.758381349206346
1216540_EJG Morgan,20.03398333333333
1216540_I Udana,27.793705952380947
1216540_KD Karthik,48.873726984126975
1216540_KL Nagarkoti,35.2610880952381
1216540_Mohammed Siraj,36.978149999999985
1216540_N Rana,17.345716666666668
1216540_N Saini,20.679500000000004
1216540_PJ Cummins,17.8325
1216540_Prasidh Krishna,23.302909523809525
1216540_Prasidh Krishna ,15.331133333333334
1216540_RA Tripathi,28.120922222222223
1216540_Shubman Gill,21.534
1216540_T Banton,29.933324999999996
1216540_V Kohli,13.895319444444443
1216540_Washington Sundar,38.290170634920635
1216540_YS Chahal,59.871761111111084
1216541_AS Rajpoot,48.36713333333334
1216541_AS Yadav,44.4463
1216541_BA Stokes,21.35838095238095
1216541_HH Pandya,31.547333333333338
1216541_Ishan Kishan,18.05966666666667
1216541_J Archer,16.647499999999997
1216541_JJ Bumrah,18.624333333333336
1216541_JL Pattinson,33.45375
1216541_KA Pollard,34.65984523809524
1216541_KH Pandya,31.755178571428573
1216541_Kartik Tyagi,23.777
1216541_Q de Kock,42.34508333333333
1216541_R Tewatia,38.35753571428572
1216541_RD Chahar,41.13901666666667
1216541_RV Uthappa,38.501371428571424
1216541_S Gopal,25.589957142857145
1216541_SPD Smith,13.311333333333334
1216541_SS Tiwary,35.31735
1216541_SV Samson,36.71876666666666
1216541_TA Boult,12.852059523809523
1216542_Abdul Samad,30.113666666666667
1216542_Abhishek Sharma,37.16835
1216542_Arshdeep Singh,36.072857142857146
1216542_Arshdeep Singh ,25.3955
1216542_Cottrell,19.699
1216542_DA Warner,24.72175
1216542_GJ Maxwell,13.66679285714286
1216542_J Bairstow,18.456833333333332
1216542_K Ahmed,23.13791666666667
1216542_KL Rahul,30.4725
1216542_KS Williamson,18.875416666666666
1216542_M Ur Rahman ,36.35025
1216542_MA Agarwal,36.038071428571435
1216542_MK Pandey,24.595988095238095
1216542_Mandeep Singh,29.12135119047618
1216542_Mohammed Shami,19.006264285714284
1216542_Mujeeb Ur Rahman,31.874666666666666
1216542_N Pooran,55.2355
1216542_Priyam Garg,22.013083333333338
1216542_Rashid Khan,34.55957142857143
1216542_Ravi Bishnoi,40.613683333333334
1216542_Sandeep Sharma,25.09883333333333
1216542_Simran Singh,19.742083333333337
1216542_T Natarajan,25.158947619047623
1216543_AM Rahane,40.88540000000001
1216543_Anrich Nortje,23.61405
1216543_BA Stokes,17.93995476190476
1216543_Carey,19.018833333333333
1216543_Deshpande,33.87940952380953
1216543_HV Patel,33.33064999999999
1216543_J Archer,20.184483333333326
1216543_JC Buttler,18.276599999999995
1216543_JD Unadkat,26.240983333333332
1216543_K Rabada,40.507419047619074
1216543_Kartik Tyagi,36.058033333333334
1216543_MP Stoinis,42.20431666666667
1216543_P Shaw,34.37108333333333
1216543_R Ashwin,23.59039285714286
1216543_R Parag,30.76282619047619
1216543_R Tewatia,46.15968333333333
1216543_RV Uthappa,39.399183333333326
1216543_S Dhawan,19.538499999999996
1216543_S Gopal,16.769
1216543_SPD Smith,23.97374047619047
1216543_SS Iyer,25.47266666666667
1216543_SV Samson,21.599433333333334
1216544_AB de Villiers,23.225630952380957
1216544_AJ Finch,47.372
1216544_AT Rayudu,31.826835714285714
1216544_CH Morris,32.764
1216544_D Padikkal,33.934761904761906
1216544_DL Chahar,36.566333333333326
1216544_F du Plessis,27.9733
1216544_Gurkeerat Singh,23.84325714285714
1216544_Imran Tahir,22.432366666666663
1216544_M Ali,18.907238095238096
1216544_M Santner,20.45465476190476
1216544_MS Dhoni,36.3788880952381
1216544_Mohammed Siraj,29.4565
1216544_Monu ,26.94606666666667
1216544_N Saini,14.919
1216544_RA Jadeja,28.913273809523808
1216544_RD Gaikwad,28.60025
1216544_S Curran,33.66015476190476
1216544_V Kohli,33.59265
1216544_Washington Sundar,28.56
1216544_YS Chahal,49.215416666666655
1216545_AD Russell,44.86745000000001
1216545_Abhishek Sharma,43.4840261904762
1216545_CV Varun,47.42854761904761
1216545_DA Warner,46.92903333333332
1216545_EJG Morgan,26.488411904761904
1216545_J Bairstow,37.738046825396836
1216545_K Ahmed,29.41511666666667
1216545_KD Karthik,34.58422142857143
1216545_KL Nagarkoti,27.786386904761912
1216545_Kuldeep Yadav,29.01124444444444
1216545_MK Pandey,46.482321428571424
1216545_Mohammad Nabi,49.66564285714286
1216545_N Rana,28.052033333333334
1216545_P Kumar,26.134504761904758
1216545_PJ Cummins,29.9157619047619
1216545_Rashid Khan,33.29827857142857
1216545_SP Narine,30.67317142857143
1216545_Shivam Mavi,26.389916666666668
1216545_Shubman Gill,24.817983333333334
1216545_T Natarajan,22.734599999999997
1216545_WP Saha,15.112130952380951
1216546_Arshdeep Singh,20.286350000000002
1216546_CH Gayle,20.0229
1216546_DJ Hooda,23.225223809523808
1216546_Deshpande,28.81155476190477
1216546_GJ Maxwell,28.953369047619038
1216546_HV Patel,37.734457142857146
1216546_JDS Neesham,46.95661666666667
1216546_K Rabada,19.984883333333332
1216546_KL Rahul,27.98610952380952
1216546_M Ashwin,31.80799285714286
1216546_MA Agarwal,20.239464285714288
1216546_MP Stoinis,17.598916666666664
1216546_Mohammed Shami,20.866557142857147
1216546_N Pooran,40.26527857142857
1216546_P Shaw,24.472540476190478
1216546_R Ashwin,24.368713095238085
1216546_RR Pant,49.85228293650795
1216546_Ravi Bishnoi,41.541933333333326
1216546_S Dhawan,29.093738095238095
1216546_S Hetmyer,28.839935714285712
1216546_SS Iyer,18.4647492063492
1216546_SV Samson,48.80048333333334
1216547_A Zampa,62.035
1216547_AB de Villiers,37.975899999999996
1216547_AJ Finch,45.625099999999996
1216547_AS Yadav,32.09666666666667
1216547_D Padikkal,44.66841666666666
1216547_HH Pandya,17.6923
1216547_I Udana,18.366228571428575
1216547_Ishan Kishan,23.889749999999996
1216547_JJ Bumrah,38.53626190476191
1216547_JL Pattinson,43.46383333333333
1216547_KA Pollard,40.124916666666664
1216547_MK Pandey,38.50563333333333
1216547_N Saini,24.19943333333333
1216547_Q de Kock,38.04815
1216547_RD Chahar,34.20866666666667
1216547_RG Sharma,27.211
1216547_S Dube,16.96436666666667
1216547_SD Lad,34.46773888888888
1216547_TA Boult,16.316722222222225
1216547_V Kohli,21.08823333333333
1216547_Washington Sundar,12.405833333333334
1216547_YS Chahal,44.01286666666666
1216547_nan,42.897
1237177_AM Rahane,30.16430000000001
1237177_Anrich Nortje,28.904416666666663
1237177_HH Pandya,24.988666666666663
1237177_HV Patel,31.36356666666667
1237177_Ishan Kishan,25.706116666666667
1237177_JJ Bumrah,42.72491904761905
1237177_K Rabada,38.232673412698425
1237177_KA Pollard,29.920071428571426
1237177_KH Pandya,32.43125
1237177_MP Stoinis,29.682442857142863
1237177_NM Coulter-Nile,32.27618571428572
1237177_P Shaw,21.71444047619047
1237177_Q de Kock,28.642442857142857
1237177_R Ashwin,20.95522619047619
1237177_RD Chahar,50.629633333333345
1237177_RG Sharma,39.156400000000005
1237177_RR Pant,40.98211666666666
1237177_S Dhawan,26.412999999999997
1237177_SA Yadav,55.14117460317461
1237177_SS Iyer,26.96125
1237177_SS Tiwary,20.22720238095238
1237177_SV Samson,26.831166666666665
1237177_TA Boult,21.149645238095232
1237178_A Zampa,39.71373333333334
1237178_AB de Villiers,43.388733333333334
1237178_AJ Finch,50.01723333333334
1237178_D Padikkal,50.27301904761903
1237178_DA Warner,45.29991666666666
1237178_JO Holder,39.35708333333333
1237178_KS Williamson,21.82583373015874
1237178_M Ali,43.72066666666667
1237178_MK Pandey,44.20666666666666
1237178_Mohammed Siraj,30.444757142857146
1237178_N Saini,25.3165
1237178_Priyam Garg,22.003033333333327
1237178_Rashid Khan,35.83876428571428
1237178_S Dube,20.234558333333336
1237178_S Nadeem,32.48785
1237178_SP Goswami,17.175207142857136
1237178_Sandeep Sharma,38.920485714285704
1237178_T Natarajan,29.908333333333335
1237178_V Kohli,18.071916666666663
1237178_Washington Sundar,16.13625952380952
1237178_YS Chahal,18.076283333333333
1237180_Abdul Samad,69.42869999999999
1237180_Anrich Nortje,36.82945714285716
1237180_DA Warner,31.327516666666675
1237180_HV Patel,38.220473015873026
1237180_JO Holder,37.00117857142857
1237180_K Rabada,22.27878333333333
1237180_KS Williamson,18.81777777777778
1237180_MK Pandey,51.17566666666667
1237180_MP Stoinis,52.80666666666668
1237180_Praveen Dubey,22.044719444444446
1237180_Priyam Garg,22.047583333333332
1237180_R Ashwin,19.271786904761907
1237180_RR Pant,32.684066666666666
1237180_Rashid Khan,30.764633333333336
1237180_S Dhawan,21.58803333333332
1237180_S Hetmyer,24.084558333333327
1237180_S Nadeem,23.350833333333327
1237180_SP Goswami,37.65513809523809
1237180_SS Iyer,31.377954761904768
1237180_Sandeep Sharma,27.211511904761913
1237180_T Natarajan,24.111978571428573
1237181_AJ Finch,43.35023333333333
1237181_AM Rahane,30.16430000000001
1237181_Anrich Nortje,28.904416666666663
1237181_HH Pandya,24.988666666666663
1237181_HV Patel,31.36356666666667
1237181_Ishan Kishan,25.706116666666667
1237181_JJ Bumrah,42.72491904761905
1237181_K Rabada,38.232673412698425
1237181_KA Pollard,29.920071428571426
1237181_KH Pandya,32.43125
1237181_MP Stoinis,29.682442857142863
1237181_NM Coulter-Nile,32.27618571428572
1237181_Praveen Dubey,32.922016666666664
1237181_Q de Kock,28.642442857142857
1237181_R Ashwin,20.95522619047619
1237181_RG Sharma,39.156400000000005
1237181_RR Pant,40.98211666666666
1237181_S Dhawan,26.412999999999997
1237181_S Hetmyer,35.73733333333334
1237181_SA Yadav,55.14117460317461
1237181_SS Iyer,26.96125
1237181_SS Tiwary,20.22720238095238
1237181_TA Boult,21.149645238095232
